{"cameraMode":{"drawMode":0,"name":"Shaded","section":"Shading Mode"},"sceneLighting":true,"audioPlay":false,"sceneViewState":{"showFog":true,"showMaterialUpdate":false,"showSkybox":true,"showFlares":true,"showImageEffects":true,"showParticleSystems":true},"in2DMode":false,"pivot":{"x":276.55511474609377,"y":33.604766845703128,"z":90.24252319335938},"rotation":{"x":0.29252955317497256,"y":-0.028681665658950807,"z":0.008784939534962178,"w":0.9558150768280029},"size":1026.7408447265625,"orthographic":false}