{"cameraMode":{"drawMode":0,"name":"Shaded","section":"Shading Mode"},"sceneLighting":true,"audioPlay":false,"sceneViewState":{"showFog":true,"showMaterialUpdate":false,"showSkybox":true,"showFlares":true,"showImageEffects":true,"showParticleSystems":true},"in2DMode":false,"pivot":{"x":793.96630859375,"y":472.7496643066406,"z":14.24652099609375},"rotation":{"x":0.23120111227035523,"y":0.026264682412147523,"z":-0.00624398747459054,"w":0.972534716129303},"size":187.96810913085938,"orthographic":false}