{"cameraMode":{"drawMode":0,"name":"Shaded","section":"Shading Mode"},"sceneLighting":true,"audioPlay":false,"sceneViewState":{"showFog":true,"showMaterialUpdate":false,"showSkybox":true,"showFlares":true,"showImageEffects":true,"showParticleSystems":true},"in2DMode":false,"pivot":{"x":3.109999895095825,"y":11.552249908447266,"z":6.190000057220459},"rotation":{"x":-0.10284788906574249,"y":0.8965515494346619,"z":-0.32219773530960085,"w":-0.2862023115158081},"size":17.231752395629884,"orthographic":true}