{"cameraMode":{"drawMode":0,"name":"Shaded","section":"Shading Mode"},"sceneLighting":true,"audioPlay":false,"sceneViewState":{"showFog":true,"showMaterialUpdate":false,"showSkybox":true,"showFlares":true,"showImageEffects":true,"showParticleSystems":true},"in2DMode":false,"pivot":{"x":0.5031819343566895,"y":2.8084912300109865,"z":1.5877306461334229},"rotation":{"x":-0.1212155893445015,"y":0.5577904582023621,"z":-0.0827673077583313,"w":-0.8169016242027283},"size":10.095199584960938,"orthographic":false}